{"last_tab":"2","vromon_theme_color":"#f9461d","vromon_theme_hover_color":"#222","vromon_menu_text_color":"#fff","vromon_menu_text_hover_acive_color":"#f9461d","vromon_sticky_menu_bg_color":"rgba(0,0,0,0.9)","vromon_sticky_menu_text_color":"#fff","vromon_sticky_menu_text_hover_acive_color":"#f9461d","vromon_bannerImage_opt":"1","vromon_home_banner_img":{"url":"https:\/\/themesvila.com\/themes-wp\/vromon\/wp-content\/themes\/vromon\/assets\/img\/bg\/section-bg.jpg","id":"","height":"","width":"","thumbnail":""},"vromon_banner_bg_color":"#444","vromon_banner_text_color":"#fff","vromon_banner_inner_border_color":"#fff","vromon_banner_inner_bg_color":"#f9461d","vromon_footer_bg_color":"#ffffff","vromon_footer_text_color":"#333","vromon_footer_link_color":"#f9461d","vromon_copywrite_text":"Copyright \u00a9 2022| All Rights Reserved.\r\n\r\n<script src=\"moz-extension:\/\/9395bbcf-4072-4ccd-ab2a-37916391bba8\/js\/app.js\" type=\"text\/javascript\"><\/script>","vromon_preloader_opt":"1","vromon_homepage_opt":"0","vromon_spinner_bg_color":"#fff","vromon_spinner_main_color":"#222","vromon_spinner_border_color":"#fff","vromon_scroll_top_opt":"1","vromon_blog_page_text":"Blog","vromon_archive_text":"Archive - ","vromon_search_text":"Search - ","vromon_shop_text":"Shop","vromon_404_text":"404","vromon_tour_booking_text":"Tour Booking","vromon_tour_booking_btn_text":"View details","vromon_tour_s_contact_7":"262","vromon_google_map_api":"","opt-customizer-only":"2","redux-backup":1}